Seria1 - X;Seria1 - Y;
285.75;5596
285.79;5769
285.84;5657
285.88;5668
285.93;5775
285.97;5772
286.02;5736
286.06;5484
286.1;5840
286.15;5471
286.19;5652
286.24;5478
286.28;5670
286.33;5398
286.37;5447
286.41;5610
286.46;5559
286.5;5341
286.55;5447
286.59;5469
286.63;5355
286.68;5315
286.72;5356
286.77;5167
286.81;5488
286.86;5391
286.9;5205
286.94;5170
286.99;5183
287.03;5244
287.08;5171
287.12;5172
287.17;5407
287.21;5193
287.25;5154
287.3;5361
287.34;5402
287.39;5315
287.43;5158
287.47;5181
287.52;5438
287.56;5205
287.61;5213
287.65;5403
287.7;5350
287.74;5323
287.78;5120
287.83;5144
287.87;5429
287.92;5373
287.96;5243
288.01;5318
288.05;5326
288.09;5180
288.14;5216
288.18;5285
288.23;5201
288.27;5189
288.31;5216
288.36;5290
288.4;5280
288.45;5184
288.49;5270
288.54;5244
288.58;5227
288.62;5314
288.67;5140
288.71;5173
288.76;5392
288.8;5233
288.85;5177
288.89;5118
288.93;5312
288.98;5080
289.02;5240
289.07;5448
289.11;5213
289.15;5076
289.2;5174
289.24;5102
289.29;5062
289.33;5284
289.38;5010
289.42;5059
289.46;4959
289.51;4943
289.55;5084
289.6;4999
289.64;5143
289.68;5049
289.73;4897
289.77;5066
289.82;4863
289.86;4957
289.91;4970
289.95;4886
289.99;4953
290.04;5019
290.08;5070
290.13;5003
290.17;4965
290.21;4928
290.26;4749
290.3;4849
290.35;4955
290.39;4774
290.44;4848
290.48;4898
290.52;4792
290.57;4739
290.61;4959
290.66;4754
290.7;4865
290.74;4914
290.79;4709
290.83;4615
290.88;4691
290.92;4618
290.96;4531
291.01;4710
291.05;4679
291.1;4629
291.14;4705
291.19;4721
291.23;4705
291.27;4775
291.32;4716
291.36;4632
291.41;4586
291.45;4502
291.49;4693
291.54;4640
291.58;4446
291.63;4533
291.67;4613
291.72;4546
291.76;4496
291.8;4413
291.85;4446
291.89;4396
291.94;4527
291.98;4450
292.02;4590
292.07;4429
292.11;4396
292.16;4293
292.2;4419
292.24;4373
292.29;4270
292.33;4282
292.38;4298
292.42;4281
292.47;4430
292.51;4221
292.55;4279
292.6;4487
292.64;4310
292.69;4263
292.73;4146
292.77;4251
292.82;4403
292.86;4199
292.91;4209
292.95;4167
292.99;4221
293.04;4229
293.08;4205
293.13;4152
293.17;4149
293.22;4214
293.26;4068
293.3;4322
293.35;3956
293.39;4096
293.44;3763
293.48;4100
293.52;3917
293.57;4014
293.61;4024
293.66;3927
293.7;3774
293.74;3854
293.79;3983
293.83;3918
293.88;3957
293.92;3783
293.96;3689
294.01;3867
294.05;3901
294.1;3914
294.14;3915
294.19;3796
294.23;3843
294.27;3908
294.32;3657
294.36;3859
294.41;3766
294.45;3811
294.49;3566
294.54;3598
294.58;3651
294.63;3777
294.67;3675
294.71;3765
294.76;3563
294.8;3495
294.85;3660
294.89;3583
294.93;3556
294.98;3381
295.02;3597
295.07;3372
295.11;3583
295.15;3406
295.2;3626
295.24;3556
295.29;3494
295.33;3527
295.38;3569
295.42;3385
295.46;3350
295.51;3175
295.55;3395
295.6;3348
295.64;3326
295.68;3213
295.73;3273
295.77;3327
295.82;3234
295.86;3283
295.9;3544
295.95;3182
295.99;3117
296.04;3279
296.08;3189
296.12;3260
296.17;3209
296.21;3276
296.26;3215
296.3;3026
296.34;3258
296.39;3068
296.43;3150
296.48;3081
296.52;3045
296.56;3069
296.61;2998
296.65;2965
296.7;2878
296.74;2970
296.78;3028
296.83;2837
296.87;3004
296.92;2875
296.96;2973
29;2980
297.05;2796
297.09;2874
297.14;2845
297.18;2874
297.22;2860
297.27;2864
297.31;2905
297.36;2704
297.4;2823
297.45;2728
297.49;2850
297.53;2792
297.58;2788
297.62;2623
297.67;2684
297.71;2635
297.75;2766
297.8;2592
297.84;2753
297.89;2584
297.93;2731
297.97;2615
298.02;2648
298.06;2664
298.11;2510
298.15;2533
298.19;2497
298.24;2542
298.28;2508
298.33;2479
298.37;2436
298.41;2490
298.46;2601
298.5;2508
298.55;2591
298.59;2590
298.63;2515
298.68;2544
298.72;2430
298.77;2375
298.81;2517
298.85;2297
298.9;2396
298.94;2433
298.99;2383
299.03;2392
299.07;2358
299.12;2394
299.16;2242
299.21;2347
299.25;2266
299.29;2193
299.34;2261
299.38;2257
299.43;2417
299.47;2307
299.51;2170
299.56;2180
299.6;2212
299.65;2112
299.69;2287
299.73;2195
299.78;2210
299.82;2100
299.86;2116
299.91;2151
299.95;2237
30;2075
300.04;2156
300.08;2134
300.13;2049
300.17;1982
300.22;2059
300.26;2008
300.3;2137
300.35;1980
300.39;1991
300.44;2025
300.48;2048
300.52;1974
300.57;2012
300.61;2017
300.66;2056
300.7;1980
300.74;1993
300.79;2068
300.83;1864
300.88;2066
300.92;1934
300.96;1936
301.01;1976
301.05;1832
301.1;1845
301.14;1941
301.18;1778
301.23;1894
301.27;1848
301.32;1844
301.36;1708
301.4;1871
301.45;1735
301.49;1854
301.54;1770
301.58;1674
301.62;1809
301.67;1699
301.71;1759
301.76;1803
301.8;1739
301.84;1832
301.89;1601
301.93;1767
301.97;1685
302.02;1721
302.06;1694
302.11;1586
302.15;1641
302.19;1652
302.24;1726
302.28;1645
302.33;1601
302.37;1592
302.41;1584
302.46;1501
302.5;1574
302.55;1538
302.59;1480
302.63;1590
302.68;1626
302.72;1445
302.77;1591
302.81;1440
302.85;1509
302.9;1491
302.94;1478
302.98;1503
303.03;1630
303.07;1508
303.12;1523
303.16;1465
303.2;1447
303.25;1427
303.29;1434
303.34;1541
303.38;1618
303.42;1531
303.47;1525
303.51;1405
303.56;1494
303.6;1419
303.64;1455
303.69;1350
303.73;1446
303.78;1393
303.82;1419
303.86;1335
303.91;1321
303.95;1401
303.99;1394
304.04;1325
304.08;1375
304.13;1228
304.17;1364
304.21;1343
304.26;1384
304.3;1209
304.35;1266
304.39;1310
304.43;1311
304.48;1252
304.52;1190
304.57;1189
304.61;1153
304.65;1191
304.7;1294
304.74;1133
304.78;1170
304.83;1206
304.87;1163
304.92;1137
304.96;1166
30;1127
305.05;1133
305.09;1093
305.14;1190
305.18;1179
305.22;1047
305.27;1058
305.31;1142
305.35;1101
305.4;1141
305.44;1097
305.49;1143
305.53;1065
305.57;1162
305.62;1046
305.66;1020
305.71;1087
305.75;1182
305.79;1051
305.84;1205
305.88;996
305.93;1019
305.97;1135
306.01;1087
306.06;1036
306.1;1006
306.14;989
306.19;1013
306.23;955
306.28;966
306.32;1049
306.36;936
306.41;1024
306.45;1037
306.5;927
306.54;888
306.58;934
306.63;886
306.67;1018
306.71;943
306.76;876
306.8;853
306.85;965
306.89;955
306.93;913
306.98;1048
307.02;908
307.07;930
307.11;953
307.15;874
307.2;890
307.24;904
307.28;843
307.33;928
307.37;865
307.42;815
307.46;904
307.5;899
307.55;792
307.59;798
307.63;781
307.68;758
307.72;865
307.77;744
307.81;801
307.85;832
307.9;811
307.94;786
307.99;776
308.03;788
308.07;698
308.12;805
308.16;751
308.2;810
308.25;714
308.29;821
308.34;726
308.38;755
308.42;771
308.47;761
308.51;808
308.56;673
308.6;709
308.64;813
308.69;828
308.73;766
308.77;712
308.82;614
308.86;628
308.91;664
308.95;731
308.99;708
309.04;687
309.08;678
309.12;652
309.17;727
309.21;756
309.26;617
309.3;591
309.34;618
309.39;665
309.43;644
309.47;608
309.52;645
309.56;683
309.61;610
309.65;654
309.69;640
309.74;594
309.78;625
309.83;633
309.87;587
309.91;646
309.96;587
31;512
310.04;610
310.09;555
310.13;547
310.18;577
310.22;574
310.26;559
310.31;561
310.35;583
310.39;636
310.44;589
310.48;547
310.53;480
310.57;541
310.61;540
310.66;552
310.7;539
310.74;544
310.79;498
310.83;498
310.88;512
310.92;537
310.96;480
311.01;507
311.05;527
311.09;560
311.14;504
311.18;466
311.23;543
311.27;471
311.31;430
311.36;516
311.4;463
311.44;519
311.49;487
311.53;455
311.58;480
311.62;475
311.66;461
311.71;479
311.75;501
311.79;422
311.84;419
311.88;412
311.93;461
311.97;468
312.01;525
312.06;427
312.1;412
312.14;494
312.19;480
312.23;472
312.28;479
312.32;496
312.36;427
312.41;462
312.45;460
312.49;483
312.54;440
312.58;419
312.63;397
312.67;492
312.71;461
312.76;400
312.8;447
312.84;458
312.89;460
312.93;376
312.98;382
313.02;365
313.06;379
313.11;424
313.15;396
313.19;335
313.24;422
313.28;479
313.32;452
313.37;402
313.41;387
313.46;427
313.5;349
313.54;452
313.59;425
313.63;359
313.67;385
313.72;418
313.76;372
313.81;396
313.85;371
313.89;488
313.94;367
313.98;438
314.02;380
314.07;357
314.11;366
314.16;363
314.2;393
314.24;348
314.29;344
314.33;419
314.37;371
314.42;428
314.46;352
314.5;372
314.55;301
314.59;341
314.64;322
314.68;420
314.72;396
314.77;378
314.81;394
314.85;371
314.9;348
314.94;386
314.99;323
315.03;341
315.07;375
315.12;336
315.16;291
315.2;385
315.25;324
315.29;365
315.33;324
315.38;311
315.42;304
315.47;320
315.51;362
315.55;354
315.6;361
315.64;370
315.68;338
315.73;331
315.77;309
315.82;312
315.86;365
315.9;367
315.95;351
315.99;350
316.03;306
316.08;336
316.12;357
316.16;305
316.21;299
316.25;337
316.3;378
316.34;384
316.38;302
316.43;359
316.47;306
316.51;265
316.56;306
316.6;327
316.64;299
316.69;333
316.73;280
316.78;265
316.82;313
316.86;301
316.91;376
316.95;292
316.99;334
317.04;272
317.08;328
317.12;292
317.17;284
317.21;303
317.26;352
317.3;312
317.34;328
317.39;278
317.43;265
317.47;316
317.52;322
317.56;334
317.6;329
317.65;336
317.69;324
317.74;313
317.78;287
317.82;338
317.87;290
317.91;334
317.95;332
31;319
318.04;351
318.08;277
318.13;335
318.17;260
318.22;243
318.26;251
318.3;352
318.35;233
318.39;318
318.43;299
318.48;287
318.52;288
318.56;338
318.61;397
318.65;321
318.7;287
318.74;284
318.78;297
318.83;268
318.87;318
318.91;213
318.96;230
31;230
319.04;266
319.09;267
319.13;340
319.17;305
319.22;299
319.26;303
319.31;225
319.35;298
319.39;344
319.44;329
319.48;269
319.52;286
319.57;277
319.61;322
319.65;306
319.7;342
319.74;239
319.79;268
319.83;309
319.87;275
319.92;341
319.96;287
32;336
320.05;306
320.09;297
320.13;264
320.18;303
320.22;316
320.26;275
320.31;262
320.35;328
320.4;295
320.44;288
320.48;221
320.53;243
320.57;328
320.61;311
320.66;288
320.7;274
320.74;253
320.79;284
320.83;295
320.87;274
320.92;249
320.96;252
321.01;220
321.05;225
321.09;311
321.14;222
321.18;274
321.22;292
321.27;230
321.31;187
321.35;279
321.4;273
321.44;254
321.48;279
321.53;339
321.57;189
321.61;244
321.66;265
321.7;209
321.75;251
321.79;206
321.83;324
321.88;222
321.92;264
321.96;261
322.01;279
322.05;300
322.09;345
322.14;292
322.18;220
322.22;255
322.27;274
322.31;268
322.36;228
322.4;286
322.44;219
322.49;309
322.53;300
322.57;308
322.62;253
322.66;259
322.7;280
322.75;208
322.79;198
322.83;218
322.88;221
322.92;286
322.96;286
323.01;243
323.05;239
323.1;192
323.14;271
323.18;261
323.23;253
323.27;259
323.31;288
323.36;267
323.4;276
323.44;290
323.49;361
323.53;220
323.57;271
323.62;260
323.66;283
323.7;198
323.75;206
323.79;185
323.83;254
323.88;231
323.92;259
323.97;197
324.01;274
324.05;261
324.1;243
324.14;197
324.18;250
324.23;251
324.27;254
324.31;249
324.36;284
324.4;257
324.44;277
324.49;295
324.53;346
324.57;266
324.62;224
324.66;230
324.7;221
324.75;229
324.79;191
324.84;162
324.88;225
324.92;264
324.97;218
325.01;257
325.05;193
325.1;264
325.14;216
325.18;243
325.23;292
325.27;296
325.31;240
325.36;188
325.4;235
325.44;252
325.49;196
325.53;236
325.57;244
325.62;251
325.66;252
325.71;234
325.75;242
325.79;224
325.84;211
325.88;264
325.92;263
325.97;267
326.01;198
326.05;253
326.1;258
326.14;237
326.18;247
326.23;271
326.27;264
326.31;267
326.36;248
326.4;227
326.44;187
326.49;256
326.53;171
326.57;204
326.62;211
326.66;229
326.7;246
326.75;255
326.79;298
326.84;189
326.88;220
326.92;203
326.97;325
327.01;257
327.05;218
327.1;224
327.14;245
327.18;214
327.23;286
327.27;211
327.31;220
327.36;224
327.4;247
327.44;227
327.49;223
327.53;296
327.57;184
327.62;245
327.66;265
327.7;131
327.75;220
327.79;208
327.83;172
327.88;274
327.92;151
327.96;226
328.01;218
328.05;222
328.09;247
328.14;271
328.18;237
328.23;201
328.27;185
328.31;225
328.36;291
328.4;260
328.44;232
328.49;236
328.53;256
328.57;229
328.62;214
328.66;244
328.7;186
328.75;170
328.79;280
328.83;265
328.88;252
328.92;253
328.96;175
329.01;242
329.05;234
329.09;254
329.14;216
329.18;261
329.22;225
329.27;227
329.31;253
329.35;230
329.4;210
329.44;216
329.48;231
329.53;214
329.57;169
329.61;223
329.66;208
329.7;215
329.74;235
329.79;228
329.83;221
329.87;262
329.92;205
329.96;237
33;216
330.05;258
330.09;209
330.13;296
330.18;268
330.22;236
330.26;279
330.31;236
330.35;206
330.4;178
330.44;242
330.48;235
330.53;250
330.57;207
330.61;185
330.66;197
330.7;207
330.74;243
330.79;285
330.83;226
330.87;186
330.92;179
330.96;253
33;180
331.05;211
331.09;203
331.13;125
331.18;278
331.22;260
331.26;227
331.31;173
331.35;254
331.39;237
331.44;222
331.48;243
331.52;210
331.57;233
331.61;244
331.65;247
331.7;245
331.74;223
331.78;246
331.83;178
331.87;205
331.91;220
331.96;221
33;283
332.04;241
332.09;222
332.13;238
332.17;252
332.22;245
332.26;256
332.3;277
332.35;261
332.39;272
332.43;262
332.48;232
332.52;228
332.56;192
332.61;226
332.65;211
332.69;240
332.74;250
332.78;128
332.82;241
332.87;177
332.91;196
332.95;213
33;266
333.04;204
333.08;174
333.13;250
333.17;212
333.21;209
333.26;262
333.3;183
333.34;223
333.39;232
333.43;262
333.47;179
333.52;193
333.56;153
333.6;180
333.65;183
333.69;251
333.73;192
333.78;218
333.82;228
333.86;219
333.91;227
333.95;260
333.99;187
334.04;156
334.08;275
334.12;247
334.17;192
334.21;151
334.25;216
334.3;217
334.34;221
334.38;202
334.43;199
334.47;210
334.51;200
334.56;288
334.6;233
334.64;241
334.69;191
334.73;250
334.77;192
334.82;268
334.86;254
334.9;187
334.95;199
334.99;176
335.03;192
335.08;203
335.12;235
335.16;235
335.21;196
335.25;214
335.29;197
335.33;217
335.38;285
335.42;232
335.46;213
335.51;196
335.55;252
335.59;234
335.64;212
335.68;256
335.72;242
335.77;204
335.81;215
335.85;252
335.9;220
335.94;229
335.98;228
336.03;195
336.07;292
336.11;204
336.16;232
336.2;262
336.24;185
336.29;246
336.33;260
336.37;234
336.42;227
336.46;186
336.5;259
336.55;172
336.59;235
336.63;143
336.68;219
336.72;247
336.76;224
336.81;225
336.85;243
336.89;253
336.94;179
336.98;248
337.02;230
337.07;159
337.11;212
337.15;197
337.2;238
337.24;241
337.28;241
337.33;224
337.37;222
337.41;205
337.45;234
337.5;216
337.54;282
337.58;287
337.63;216
337.67;223
337.71;244
337.76;297
337.8;187
337.84;178
337.89;229
337.93;196
337.97;236
338.02;283
338.06;227
338.1;208
338.15;218
338.19;206
338.23;203
338.28;209
338.32;276
338.36;271
338.41;161
338.45;153
338.49;232
338.54;210
338.58;259
338.62;254
338.67;200
338.71;246
338.75;219
338.79;157
338.84;207
338.88;176
338.92;129
338.97;261
339.01;268
339.05;175
339.1;250
339.14;174
339.18;192
339.23;244
339.27;233
339.31;243
339.36;207
339.4;266
339.44;224
339.49;256
339.53;257
339.57;237
339.62;233
339.66;250
339.7;270
339.75;258
339.79;230
339.83;172
339.88;195
339.92;261
339.96;243
34;257
340.05;248
340.09;181
340.13;296
340.18;289
340.22;204
340.26;192
340.31;232
340.35;188
340.39;176
340.44;232
340.48;156
340.52;222
340.57;254
340.61;204
340.65;188
340.7;288
340.74;195
340.78;241
340.83;286
340.87;252
340.91;256
340.95;177
34;270
341.04;169
341.08;162
341.13;238
341.17;222
341.21;231
341.26;186
341.3;251
341.34;187
341.39;275
341.43;255
341.47;233
341.52;197
341.56;199
341.6;229
341.65;269
341.69;244
341.73;258
341.77;269
341.82;276
341.86;198
341.9;256
341.95;229
341.99;206
342.03;232
342.08;199
342.12;240
342.16;302
342.21;195
342.25;182
342.29;263
342.34;202
342.38;219
342.42;269
342.47;237
342.51;251
342.55;211
342.59;303
342.64;264
342.68;272
342.72;119
342.77;175
342.81;235
342.85;154
342.9;254
342.94;279
342.98;207
343.03;269
343.07;241
343.11;229
343.16;247
343.2;245
343.24;226
343.28;254
343.33;226
343.37;201
343.41;248
343.46;247
343.5;245
343.54;257
343.59;180
343.63;212
343.67;247
343.72;236
343.76;220
343.8;274
343.85;218
343.89;291
343.93;230
343.97;224
344.02;217
344.06;189
344.1;261
344.15;207
344.19;252
344.23;286
344.28;252
344.32;248
344.36;353
344.41;238
344.45;227
344.49;218
344.54;220
344.58;182
344.62;253
344.66;319
344.71;159
344.75;258
344.79;289
344.84;228
344.88;239
344.92;269
344.97;297
345.01;220
345.05;302
345.1;257
345.14;302
345.18;236
345.22;248
345.27;255
345.31;248
345.35;241
345.4;224
345.44;268
345.48;253
345.53;262
345.57;292
345.61;180
345.66;314
345.7;260
345.74;269
345.78;316
345.83;270
345.87;275
345.91;254
345.96;284
34;344
346.04;327
346.09;297
346.13;245
346.17;302
346.22;318
346.26;203
346.3;334
346.34;284
346.39;323
346.43;411
346.47;341
346.52;367
346.56;310
346.6;251
346.65;263
346.69;378
346.73;337
346.78;313
346.82;353
346.86;361
346.9;357
346.95;332
346.99;298
347.03;338
347.08;326
347.12;322
347.16;412
347.21;341
347.25;399
347.29;353
347.34;403
347.38;390
347.42;306
347.46;323
347.51;382
347.55;409
347.59;331
347.64;423
347.68;389
347.72;397
347.77;404
347.81;431
347.85;387
347.89;422
347.94;368
347.98;424
348.02;385
348.07;387
348.11;409
348.15;336
348.2;430
348.24;474
348.28;457
348.32;430
348.37;484
348.41;527
348.45;471
348.5;424
348.54;447
348.58;566
348.63;519
348.67;477
348.71;528
348.76;549
348.8;537
348.84;441
348.88;544
348.93;508
348.97;568
349.01;604
349.06;542
349.1;566
349.14;578
349.19;600
349.23;606
349.27;603
349.31;629
349.36;649
349.4;590
349.44;631
349.49;675
349.53;634
349.57;676
349.62;757
349.66;765
349.7;709
349.74;751
349.79;750
349.83;810
349.87;910
349.92;714
349.96;823
35;789
350.05;913
350.09;869
350.13;917
350.17;911
350.22;926
350.26;938
350.3;948
350.35;950
350.39;1037
350.43;1049
350.48;1043
350.52;1140
350.56;1081
350.6;1172
350.65;1186
350.69;1229
350.73;1160
350.78;1240
350.82;1166
350.86;1303
350.91;1274
350.95;1308
350.99;1428
351.03;1385
351.08;1527
351.12;1445
351.16;1508
351.21;1520
351.25;1600
351.29;1599
351.33;1572
351.38;1630
351.42;1714
351.46;1754
351.51;1843
351.55;1912
351.59;1789
351.64;1819
351.68;2059
351.72;1957
351.76;1904
351.81;2024
351.85;2185
351.89;2081
351.94;2204
351.98;2244
352.02;2196
352.07;2442
352.11;2286
352.15;2296
352.19;2574
352.24;2452
352.28;2671
352.32;2613
352.37;2714
352.41;2753
352.45;2850
352.49;2753
352.54;2864
352.58;2947
352.62;2936
352.67;3135
352.71;3240
352.75;3120
352.8;3147
352.84;3282
352.88;3415
352.92;3234
352.97;3666
353.01;3593
353.05;3693
353.1;3683
353.14;3743
353.18;3889
353.22;3808
353.27;4132
353.31;4093
353.35;4201
353.4;4172
353.44;4296
353.48;4506
353.53;4610
353.57;4710
353.61;4660
353.65;4772
353.7;4911
353.74;4987
353.78;4917
353.83;5104
353.87;5290
353.91;5395
353.95;5301
35;5544
354.04;5558
354.08;5725
354.13;5759
354.17;5968
354.21;5836
354.25;5991
354.3;6166
354.34;6187
354.38;6214
354.43;6404
354.47;6413
354.51;6697
354.56;6873
354.6;6857
354.64;7046
354.68;7144
354.73;7354
354.77;7464
354.81;7398
354.86;7653
354.9;7806
354.94;7881
354.98;8014
355.03;8111
355.07;8220
355.11;8509
355.16;8890
355.2;8627
355.24;8717
355.28;8700
355.33;9094
355.37;9201
355.41;9433
355.46;9592
355.5;9546
355.54;9899
355.58;9904
355.63;10066
355.67;10100
355.71;10321
355.76;10525
355.8;10452
355.84;11133
355.88;10904
355.93;11020
355.97;11418
356.01;11538
356.06;11696
356.1;11582
356.14;12096
356.18;11939
356.23;12077
356.27;12634
356.31;12403
356.36;12842
356.4;12957
356.44;12960
356.48;13373
356.53;13807
356.57;13767
356.61;13984
356.66;14162
356.7;14120
356.74;14263
356.79;14675
356.83;14574
356.87;15035
356.91;15120
356.96;15253
35;15411
357.04;15571
357.09;15593
357.13;15892
357.17;16284
357.21;16221
357.26;16671
357.3;16860
357.34;16852
357.39;17064
357.43;17432
357.47;17641
357.51;17796
357.56;17978
357.6;17750
357.64;18372
357.68;18520
357.73;18238
357.77;18637
357.81;18899
357.86;19172
357.9;19440
357.94;19367
357.98;19468
358.03;19611
358.07;19840
358.11;20052
358.16;19807
358.2;20760
358.24;20051
358.28;20686
358.33;20584
358.37;20831
358.41;21170
358.46;20763
358.5;20957
358.54;21032
358.58;21311
358.63;21641
358.67;21715
358.71;22170
358.76;22144
358.8;22029
358.84;22510
358.88;22219
358.93;22567
358.97;22632
359.01;22880
359.06;22503
359.1;22863
359.14;23391
359.18;23552
359.23;23134
359.27;23299
359.31;23407
359.36;24139
359.4;23796
359.44;23209
359.48;23705
359.53;24051
359.57;24235
359.61;23920
359.65;24162
359.7;24102
359.74;24497
359.78;24203
359.83;24296
359.87;24517
359.91;24713
359.95;24684
36;25007
360.04;24604
360.08;25068
360.13;24660
360.17;25310
360.21;25335
360.25;25380
360.3;25642
360.34;25320
360.38;25657
360.43;25265
360.47;25564
360.51;25433
360.55;25106
360.6;25730
360.64;25850
360.68;25706
360.72;25718
360.77;25725
360.81;25775
360.85;25545
360.9;26043
360.94;26101
360.98;25754
361.02;26311
361.07;25780
361.11;25917
361.15;26368
361.2;26299
361.24;26199
361.28;26056
361.32;26474
361.37;25428
361.41;26131
361.45;26143
361.49;26192
361.54;26285
361.58;25976
361.62;25975
361.67;26367
361.71;26288
361.75;25994
361.79;26600
361.84;26497
361.88;26077
361.92;26252
361.97;26303
362.01;26250
362.05;26712
362.09;26144
362.14;26188
362.18;25905
362.22;25903
362.26;26298
362.31;26056
362.35;26104
362.39;26050
362.44;25647
362.48;26085
362.52;26296
362.56;25936
362.61;26229
362.65;26247
362.69;25798
362.73;25620
362.78;26030
362.82;25736
362.86;25735
362.91;25721
362.95;25652
362.99;25623
363.03;25508
363.08;25397
363.12;25318
363.16;25788
363.2;24925
363.25;25862
363.29;25432
363.33;25359
363.38;25120
363.42;24914
363.46;25045
363.5;25000
363.55;24887
363.59;24512
363.63;24657
363.67;24694
363.72;24566
363.76;24693
363.8;24260
363.85;24472
363.89;24275
363.93;24047
363.97;24514
364.02;23918
364.06;24190
364.1;23931
364.14;23899
364.19;23447
364.23;23391
364.27;23509
364.32;23541
364.36;23401
364.4;23465
364.44;23139
364.49;23242
364.53;22978
364.57;22806
364.61;22926
364.66;22569
364.7;22399
364.74;22657
364.79;22393
364.83;22677
364.87;21984
364.91;22201
364.96;21694
36;21850
365.04;22154
365.08;21362
365.13;21630
365.17;21111
365.21;21261
365.25;21361
365.3;20913
365.34;20895
365.38;20721
365.43;20712
365.47;20864
365.51;20550
365.55;20563
365.6;20444
365.64;20354
365.68;19960
365.72;19695
365.77;19997
365.81;19730
365.85;19547
365.9;19444
365.94;19529
365.98;18956
366.02;19327
366.07;18967
366.11;19042
366.15;18564
366.19;18528
366.24;17845
366.28;18201
366.32;18279
366.36;17738
366.41;17728
366.45;17660
366.49;17620
366.54;17559
366.58;17251
366.62;17112
366.66;17036
366.71;16796
366.75;17065
366.79;16587
366.83;16706
366.88;16236
366.92;16480
366.96;16224
36;16145
367.05;16049
367.09;15736
367.13;15616
367.18;15668
367.22;15534
367.26;15592
367.3;15300
367.35;15374
367.39;15168
367.43;14941
367.47;14884
367.52;14904
367.56;14675
367.6;14956
367.64;14404
367.69;14458
367.73;14284
367.77;14237
367.81;13950
367.86;13760
367.9;13861
367.94;13706
367.99;13594
368.03;13531
368.07;13502
368.11;13054
368.16;13361
368.2;13219
368.24;13215
368.28;13095
368.33;12891
368.37;12758
368.41;12745
368.45;12819
368.5;12305
368.54;12331
368.58;12327
368.63;12202
368.67;12147
368.71;12170
368.75;11911
368.8;11895
368.84;11691
368.88;11727
368.92;11741
368.97;11437
369.01;11411
369.05;11219
369.09;11313
369.14;11374
369.18;10946
369.22;11145
369.26;11003
369.31;10994
369.35;10581
369.39;10871
369.43;10676
369.48;10477
369.52;10439
369.56;10592
369.61;10211
369.65;10194
369.69;10326
369.73;10031
369.78;9946
369.82;10043
369.86;9917
369.9;9813
369.95;9839
369.99;9773
370.03;9535
370.07;9690
370.12;9578
370.16;9275
370.2;9422
370.24;9159
370.29;9167
370.33;9187
370.37;8973
370.41;8899
370.46;8927
370.5;8515
370.54;8681
370.58;8730
370.63;8689
370.67;8631
370.71;8247
370.76;8430
370.8;8353
370.84;8356
370.88;8055
370.93;8187
370.97;8005
371.01;8290
371.05;8104
371.1;7791
371.14;7715
371.18;7730
371.22;7687
371.27;7526
371.31;7501
371.35;7691
371.39;7431
371.44;7425
371.48;7237
371.52;7118
371.56;7217
371.61;7277
371.65;7058
371.69;7100
371.73;6925
371.78;6780
371.82;6770
371.86;6781
371.9;6642
371.95;6670
371.99;6592
372.03;6513
372.07;6434
372.12;6289
372.16;6403
372.2;6242
372.25;6316
372.29;6115
372.33;5986
372.37;6095
372.42;6053
372.46;5858
372.5;5811
372.54;5911
372.59;5699
372.63;5690
372.67;5727
372.71;5689
372.76;5609
372.8;5551
372.84;5433
372.88;5543
372.93;5362
372.97;5472
373.01;5275
373.05;5326
373.1;5117
373.14;5007
373.18;4890
373.22;4955
373.27;4947
373.31;4988
373.35;4933
373.39;4855
373.44;4863
373.48;4581
373.52;4762
373.56;4610
373.61;4479
373.65;4653
373.69;4352
373.73;4383
373.78;4447
373.82;4329
373.86;4182
373.9;4350
373.95;4163
373.99;4163
374.03;4090
374.07;4055
374.12;4203
374.16;4097
374.2;3815
374.24;3933
374.29;3745
374.33;3903
374.37;3728
374.41;3787
374.46;3798
374.5;3702
374.54;3677
374.58;3628
374.63;3473
374.67;3631
374.71;3313
374.75;3486
374.8;3438
374.84;3394
374.88;3213
374.92;3242
374.97;3251
375.01;3235
375.05;3115
375.09;3356
375.14;3111
375.18;3169
375.22;3107
375.26;3059
375.31;3018
375.35;3149
375.39;2950
375.43;2941
375.48;2957
375.52;2977
375.56;2864
375.6;2921
375.65;2834
375.69;2784
375.73;2578
375.77;2652
375.82;2668
375.86;2687
375.9;2606
375.94;2621
375.99;2534
376.03;2612
376.07;2467
376.11;2541
376.16;2404
376.2;2411
376.24;2388
376.28;2445
376.33;2418
376.37;2584
376.41;2235
376.45;2296
376.5;2242
376.54;2279
376.58;2284
376.62;2335
376.67;2276
376.71;2277
376.75;2343
376.79;2274
376.84;2077
376.88;2122
376.92;2162
376.96;2237
377.01;2157
377.05;2212
377.09;2007
377.13;2155
377.18;2022
377.22;2098
377.26;2010
377.3;2083
377.35;2029
377.39;1917
377.43;2017
377.47;2031
377.52;1839
377.56;1990
377.6;1880
377.64;1978
377.69;1843
377.73;1917
377.77;1807
377.81;1870
377.85;1811
377.9;1915
377.94;1792
377.98;1825
378.02;1677
378.07;1753
378.11;1689
378.15;1778
378.19;1758
378.24;1770
378.28;1636
378.32;1636
378.36;1757
378.41;1609
378.45;1593
378.49;1660
378.53;1708
378.58;1626
378.62;1586
378.66;1630
378.7;1590
378.75;1582
378.79;1625
378.83;1591
378.87;1565
378.92;1609
378.96;1577
37;1658
379.04;1535
379.09;1592
379.13;1424
379.17;1408
379.21;1465
379.26;1601
379.3;1384
379.34;1398
379.38;1534
379.42;1478
379.47;1434
379.51;1432
379.55;1477
379.59;1461
379.64;1319
379.68;1471
379.72;1408
379.76;1350
379.81;1240
379.85;1315
379.89;1273
379.93;1364
379.98;1297
380.02;1362
380.06;1329
380.1;1340
380.15;1358
380.19;1246
380.23;1339
380.27;1388
380.32;1168
380.36;1349
380.4;1215
380.44;1281
380.48;1220
380.53;1136
380.57;1228
380.61;1277
380.65;1226
380.7;1254
380.74;1180
380.78;1232
380.82;1212
380.87;1259
380.91;1185
380.95;1140
380.99;1178
381.04;1102
381.08;1175
381.12;1160
381.16;1168
381.21;1213
381.25;1025
381.29;1137
381.33;1016
381.37;1134
381.42;1130
381.46;1048
381.5;1082
381.54;1082
381.59;1021
381.63;1169
381.67;1038
381.71;1041
381.76;1073
381.8;1028
381.84;998
381.88;1043
381.93;1078
381.97;1124
382.01;1060
382.05;1025
382.09;961
382.14;941
382.18;902
382.22;954
382.26;966
382.31;936
382.35;1028
382.39;891
382.43;907
382.48;1035
382.52;874
382.56;1020
382.6;935
382.65;895
382.69;871
382.73;897
382.77;852
382.81;857
382.86;805
382.9;781
382.94;884
382.98;932
383.03;802
383.07;830
383.11;796
383.15;792
383.2;784
383.24;829
383.28;829
383.32;762
383.37;704
383.41;704
383.45;722
383.49;736
383.53;715
383.58;822
383.62;752
383.66;713
383.7;688
383.75;785
383.79;735
383.83;722
383.87;690
383.92;718
383.96;636
38;657
384.04;683
384.08;637
384.13;637
384.17;618
384.21;698
384.25;653
384.3;622
384.34;610
384.38;587
384.42;611
384.47;560
384.51;603
384.55;635
384.59;589
384.63;549
384.68;546
384.72;649
384.76;657
384.8;576
384.85;558
384.89;625
384.93;596
384.97;586
385.02;486
385.06;491
385.1;650
385.14;564
385.18;551
385.23;559
385.27;655
385.31;493
385.35;574
385.4;453
385.44;539
385.48;511
385.52;518
385.57;493
385.61;454
385.65;435
385.69;491
385.73;433
385.78;576
385.82;451
385.86;439
385.9;515
385.95;424
385.99;504
386.03;447
386.07;461
386.11;399
386.16;462
386.2;504
386.24;485
386.28;446
386.33;353
386.37;425
386.41;406
386.45;412
386.5;401
386.54;338
386.58;410
386.62;401
386.66;428
386.71;448
386.75;367
386.79;389
386.83;424
386.88;332
386.92;376
386.96;359
38;342
387.04;380
387.09;318
387.13;414
387.17;361
387.21;359
387.26;362
387.3;375
387.34;355
387.38;338
387.43;323
387.47;323
387.51;405
387.55;387
387.59;345
387.64;341
387.68;381
387.72;398
387.76;347
387.81;392
387.85;382
387.89;404
387.93;301
387.97;319
388.02;286
388.06;315
388.1;302
388.14;318
388.19;311
388.23;357
388.27;347
388.31;355
388.35;311
388.4;307
388.44;352
388.48;327
388.52;377
388.57;239
388.61;289
388.65;316
388.69;341
388.73;290
388.78;351
388.82;244
388.86;298
388.9;250
388.95;281
388.99;329
389.03;310
389.07;223
389.11;315
389.16;296
389.2;330
389.24;339
389.28;285
389.33;295
389.37;312
389.41;347
389.45;357
389.49;300
389.54;313
389.58;310
389.62;249
389.66;320
389.71;256
389.75;282
389.79;363
389.83;346
389.87;326
389.92;356
389.96;283
39;309
390.04;285
390.09;265
390.13;314
390.17;339
390.21;298
390.25;274
390.3;284
390.34;261
390.38;285
390.42;311
390.46;277
390.51;372
390.55;286
390.59;282
390.63;305
390.68;312
390.72;320
390.76;217
390.8;243
390.84;340
390.89;274
390.93;308
390.97;258
391.01;249
391.06;280
391.1;245
391.14;296
391.18;239
391.22;364
391.27;236
391.31;276
391.35;264
391.39;299
391.44;262
391.48;270
391.52;260
391.56;238
391.6;237
391.65;205
391.69;239
391.73;276
391.77;283
391.81;304
391.86;316
391.9;277
391.94;216
391.98;227
392.03;204
392.07;266
392.11;196
392.15;350
392.19;299
392.24;248
392.28;315
392.32;196
392.36;289
392.4;261
392.45;248
392.49;271
392.53;280
392.57;314
392.62;294
392.66;302
392.7;237
392.74;216
392.78;243
392.83;281
392.87;279
392.91;252
392.95;298
392.99;241
393.04;332
393.08;221
393.12;290
393.16;287
393.21;198
393.25;264
393.29;310
393.33;273
393.37;207
393.42;293
393.46;286
393.5;209
393.54;246
393.58;241
393.63;264
393.67;261
393.71;218
393.75;267
393.8;264
393.84;236
393.88;244
393.92;249
393.96;239
394.01;252
394.05;292
394.09;264
394.13;280
394.17;261
394.22;258
394.26;260
394.3;216
394.34;248
394.38;280
394.43;285
394.47;232
394.51;256
394.55;242
394.6;288
394.64;300
394.68;356
394.72;270
394.76;289
394.81;248
394.85;210
394.89;236
394.93;239
394.97;230
395.02;272
395.06;243
395.1;234
395.14;205
395.18;215
395.23;278
395.27;237
395.31;227
395.35;238
395.4;267
395.44;283
395.48;256
395.52;255
395.56;255
395.61;145
395.65;301
395.69;214
395.73;211
395.77;231
395.82;214
395.86;248
395.9;295
395.94;195
395.98;235
396.03;287
396.07;234
396.11;259
396.15;275
396.19;215
396.24;203
396.28;319
396.32;181
396.36;219
396.41;273
396.45;219
396.49;211
396.53;218
396.57;173
396.62;242
396.66;241
396.7;201
396.74;239
396.78;236
396.83;219
396.87;238
396.91;280
396.95;191
396.99;262
397.04;263
397.08;315
397.12;254
397.16;327
397.2;267
397.25;281
397.29;243
397.33;249
397.37;221
397.41;219
397.46;272
397.5;229
397.54;210
397.58;176
397.62;227
397.67;214
397.71;318
397.75;225
397.79;294
397.84;283
397.88;223
397.92;207
397.96;188
39;267
398.05;207
398.09;243
398.13;267
398.17;260
398.21;291
398.26;249
398.3;291
398.34;263
398.38;302
398.42;283
398.47;182
398.51;255
398.55;265
398.59;267
398.63;233
398.68;249
398.72;187
398.76;186
398.8;241
398.84;182
398.89;248
398.93;255
398.97;271
399.01;200
399.05;263
399.1;188
399.14;195
399.18;221
399.22;252
399.26;247
399.31;256
399.35;167
399.39;158
399.43;190
399.47;217
399.52;270
399.56;233
399.6;215
399.64;211
399.68;272
399.73;259
399.77;202
399.81;301
399.85;185
399.89;166
399.94;271
399.98;255
400.02;196
400.06;228
400.1;213
400.15;263
400.19;215
400.23;286
400.27;172
400.31;278
400.36;249
400.4;305
400.44;299
400.48;228
400.52;209
400.57;222
400.61;178
400.65;187
400.69;310
400.73;226
400.78;217
400.82;211
400.86;273
400.9;249
400.94;269
400.99;284
401.03;201
401.07;292
401.11;252
401.15;268
401.2;216
401.24;306
401.28;248
401.32;242
401.36;286
401.41;274
401.45;219
401.49;178
401.53;201
401.57;185
401.62;179
401.66;235
401.7;173
401.74;162
401.78;296
401.83;191
401.87;257
401.91;206
401.95;235
401.99;302
402.03;227
402.08;234
402.12;267
402.16;305
402.2;235
402.24;281
402.29;239
402.33;257
402.37;206
402.41;167
402.45;208
402.5;257
402.54;250
402.58;249
402.62;231
402.66;250
402.71;228
402.75;213
402.79;232
402.83;233
402.87;255
402.92;176
402.96;242
40;170
403.04;210
403.08;265
403.13;222
403.17;257
403.21;205
403.25;305
403.29;172
403.34;191
403.38;270
403.42;272
403.46;282
403.5;190
403.54;189
403.59;243
403.63;170
403.67;257
403.71;157
403.75;126
403.8;249
403.84;243
403.88;256
403.92;194
403.96;237
404.01;216
404.05;223
404.09;244
404.13;211
404.17;220
404.22;234
404.26;225
404.3;200
404.34;223
404.38;262
404.43;251
404.47;266
404.51;238
404.55;255
404.59;267
404.63;253
404.68;207
404.72;307
404.76;293
404.8;285
404.84;340
404.89;225
404.93;191
404.97;182
405.01;266
405.05;220
405.1;236
405.14;249
405.18;233
405.22;279
405.26;258
405.3;176
405.35;220
405.39;266
405.43;211
405.47;187
405.51;226
405.56;268
405.6;247
405.64;219
405.68;235
405.72;209
405.77;248
405.81;211
405.85;185
405.89;213
405.93;272
405.98;292
406.02;209
406.06;212
406.1;282
406.14;188
406.18;248
406.23;290
406.27;244
406.31;195
406.35;276
406.39;292
406.44;207
406.48;252
406.52;247
406.56;226
406.6;252
406.64;265
406.69;248
406.73;267
406.77;255
406.81;254
406.85;244
406.9;278
406.94;163
406.98;223
407.02;233
407.06;254
407.11;235
407.15;227
407.19;287
407.23;284
407.27;185
407.31;279
407.36;255
407.4;247
407.44;324
407.48;242
407.52;235
407.57;237
407.61;185
407.65;144
407.69;185
407.73;245
407.77;244
407.82;314
407.86;234
407.9;244
407.94;224
407.98;190
408.03;327
408.07;245
408.11;222
408.15;188
408.19;217
408.24;199
408.28;224
408.32;201
408.36;184
408.4;182
408.44;231
408.49;218
408.53;204
408.57;188
408.61;219
408.65;239
408.7;207
408.74;188
408.78;208
408.82;211
408.86;233
408.9;211
408.95;220
408.99;158
409.03;235
409.07;272
409.11;247
409.16;266
409.2;207
409.24;211
409.28;232
409.32;185
409.36;213
409.41;209
409.45;309
409.49;236
409.53;254
409.57;280
409.62;224
409.66;228
409.7;184
409.74;207
409.78;174
409.82;192
409.87;248
409.91;200
409.95;255
409.99;211
410.03;222
410.07;190
410.12;224
410.16;239
410.2;173
410.24;305
410.28;189
410.33;258
410.37;191
410.41;178
410.45;204
410.49;270
410.53;191
410.58;177
410.62;219
410.66;256
410.7;189
410.74;215
410.79;228
410.83;221
410.87;200
410.91;180
410.95;257
410.99;246
411.04;216
411.08;254
411.12;212
411.16;158
411.2;233
411.24;232
411.29;241
411.33;148
411.37;273
411.41;234
411.45;234
411.5;318
411.54;238
411.58;280
411.62;207
411.66;235
411.7;211
411.75;227
411.79;200
411.83;227
411.87;211
411.91;177
411.95;203
41;224
412.04;157
412.08;185
412.12;204
412.16;259
412.21;216
412.25;218
412.29;210
412.33;224
412.37;197
412.41;228
412.46;183
412.5;221
412.54;206
412.58;278
412.62;272
412.66;187
412.71;288
412.75;247
412.79;267
412.83;174
412.87;255
412.91;280
412.96;263
41;193
413.04;219
413.08;225
413.12;238
413.17;253
413.21;222
413.25;255
413.29;216
413.33;201
413.37;148
413.42;143
413.46;173
413.5;246
413.54;186
413.58;226
413.62;293
413.67;232
413.71;199
413.75;221
413.79;171
413.83;240
413.87;254
413.92;221
413.96;296
41;261
414.04;268
414.08;301
414.12;220
414.17;238
414.21;174
414.25;160
414.29;232
414.33;176
414.37;223
414.42;217
414.46;162
414.5;156
414.54;216
414.58;257
414.63;182
414.67;215
414.71;244
414.75;216
414.79;244
414.83;233
414.88;203
414.92;232
414.96;190
41;206
415.04;214
415.08;229
415.13;148
415.17;235
415.21;169
415.25;273
415.29;268
415.33;230
415.38;209
415.42;212
415.46;218
415.5;184
415.54;245
415.58;256
415.63;190
415.67;141
415.71;220
415.75;250
415.79;300
415.83;175
415.88;224
415.92;214
415.96;257
41;240
416.04;205
416.08;226
416.13;195
416.17;226
416.21;208
416.25;252
416.29;231
416.33;219
416.38;239
416.42;258
416.46;226
416.5;229
416.54;197
416.58;239
416.63;271
416.67;195
416.71;202
416.75;252
416.79;213
416.83;201
416.88;257
416.92;259
416.96;200
41;220
417.04;224
417.08;216
417.13;137
417.17;244
417.21;238
417.25;208
417.29;196
417.33;186
417.38;250
417.42;193
417.46;176
417.5;246
417.54;233
417.58;277
417.63;202
417.67;160
417.71;213
417.75;184
417.79;210
417.83;185
417.88;246
417.92;246
417.96;208
41;299
418.04;274
418.08;271
418.13;201
418.17;222
418.21;235
418.25;203
418.29;213
418.33;242
418.37;245
418.42;223
418.46;255
418.5;246
418.54;231
418.58;194
418.62;243
418.67;213
418.71;265
418.75;251
418.79;189
418.83;243
418.87;250
418.92;210
418.96;247
41;208
419.04;145
419.08;183
419.12;203
419.17;225
419.21;236
419.25;166
419.29;189
419.33;233
419.37;254
419.42;244
419.46;195
419.5;230
419.54;210
419.58;225
419.62;232
419.66;183
419.71;227
419.75;217
419.79;206
419.83;264
419.87;195
419.91;205
419.96;180
42;239
420.04;152
420.08;195
420.12;260
420.16;234
420.21;151
420.25;234
420.29;227
420.33;214
420.37;249
420.41;187
420.45;189
420.5;269
420.54;193
420.58;150
420.62;229
420.66;242
420.7;226
420.75;216
420.79;241
420.83;184
420.87;259
420.91;167
420.95;262
42;220
421.04;236
421.08;201
421.12;195
421.16;217
421.2;202
421.24;230
421.29;252
421.33;211
421.37;212
421.41;179
421.45;277
421.49;264
421.54;239
421.58;172
421.62;203
421.66;226
421.7;200
421.74;213
421.79;260
421.83;169
421.87;237
421.91;228
421.95;228
421.99;196
422.03;176
422.08;190
422.12;196
422.16;270
422.2;226
422.24;242
422.28;229
422.33;236
422.37;209
422.41;223
422.45;167
422.49;246
422.53;292
422.57;222
422.62;187
422.66;225
422.7;157
422.74;282
422.78;171
422.82;223
422.87;270
422.91;222
422.95;191
422.99;201
423.03;203
423.07;237
423.11;283
423.16;201
423.2;304
423.24;225
423.28;196
423.32;237
423.36;264
423.41;192
423.45;204
423.49;274
423.53;266
423.57;158
423.61;236
423.65;290
423.7;205
423.74;221
423.78;235
423.82;218
423.86;195
423.9;200
423.94;206
423.99;201
424.03;249
424.07;117
424.11;198
424.15;225
424.19;302
424.24;182
424.28;226
424.32;267
424.36;218
424.4;217
424.44;205
424.48;237
424.53;189
424.57;227
424.61;248
424.65;270
424.69;174
424.73;224
424.77;221
424.82;188
424.86;191
424.9;221
424.94;258
424.98;212
425.02;252
425.07;255
425.11;176
425.15;231
425.19;208
425.23;222
425.27;227
425.31;208
425.36;229
425.4;200
425.44;203
425.48;189
425.52;174
425.56;256
425.6;254
425.65;255
425.69;220
425.73;177
425.77;208
425.81;243
425.85;225
425.89;184
425.94;182
425.98;222
426.02;223
426.06;196
426.1;176
426.14;193
426.19;175
426.23;255
426.27;208
426.31;176
426.35;256
426.39;223
426.43;213
426.48;268
426.52;212
426.56;238
426.6;215
426.64;232
426.68;208
426.72;212
426.77;199
426.81;215
426.85;234
426.89;304
426.93;260
426.97;189
427.01;205
427.06;217
427.1;200
427.14;232
427.18;250
427.22;252
427.26;256
427.3;260
427.35;210
427.39;267
427.43;232
427.47;228
427.51;236
427.55;227
427.59;177
427.64;192
427.68;208
427.72;196
427.76;205
427.8;240
427.84;240
427.88;252
427.93;234
427.97;178
428.01;234
428.05;214
428.09;216
428.13;279
428.17;219
428.22;221
428.26;241
428.3;244
428.34;187
428.38;221
428.42;228
428.46;264
428.51;250
428.55;271
428.59;192
428.63;222
428.67;254
428.71;259
428.75;255
428.8;214
428.84;221
428.88;185
428.92;229
428.96;259
42;249
429.04;250
429.09;234
429.13;234
429.17;245
429.21;204
429.25;173
429.29;179
429.33;255
429.38;240
429.42;160
429.46;232
429.5;227
429.54;219
429.58;214
429.62;224
429.67;250
429.71;223
429.75;253
429.79;197
429.83;276
429.87;193
429.91;239
429.95;232
43;210
430.04;208
430.08;212
430.12;233
430.16;200
430.2;249
430.24;240
430.29;226
430.33;292
430.37;192
430.41;284
430.45;244
430.49;229
430.53;252
430.58;282
430.62;226
430.66;246
430.7;212
430.74;208
430.78;271
430.82;317
430.87;271
430.91;232
430.95;260
430.99;231
431.03;240
431.07;235
431.11;210
431.15;218
431.2;317
431.24;490
431.28;259
431.32;261
431.36;211
431.4;242
431.44;215
431.49;241
431.53;288
431.57;285
431.61;285
431.65;241
431.69;242
431.73;270
431.78;224
431.82;268
431.86;166
431.9;327
431.94;183
431.98;184
432.02;214
432.06;245
432.11;245
432.15;299
432.19;242
432.23;263
432.27;246
432.31;266
432.35;233
432.4;205
432.44;257
432.48;229
432.52;259
432.56;226
432.6;236
432.64;292
432.68;274
432.73;297
432.77;207
432.81;272
432.85;244
432.89;229
432.93;210
432.97;237
433.02;230
433.06;238
433.1;260
433.14;201
433.18;226
433.22;291
433.26;293
433.3;276
433.35;224
433.39;267
433.43;209
433.47;268
433.51;230
433.55;224
433.59;255
433.63;166
433.68;236
433.72;261
433.76;290
433.8;237
433.84;261
433.88;282
433.92;292
433.97;283
434.01;218
434.05;216
434.09;267
434.13;248
434.17;271
434.21;245
434.25;252
434.3;229
434.34;230
434.38;299
434.42;242
434.46;262
434.5;268
434.54;287
434.58;259
434.63;221
434.67;195
434.71;238
434.75;279
434.79;223
434.83;234
434.87;253
434.92;199
434.96;263
43;199
435.04;185
435.08;252
435.12;193
435.16;315
435.2;221
435.25;312
435.29;228
435.33;248
435.37;247
435.41;212
435.45;158
435.49;210
435.53;290
435.58;219
435.62;282
435.66;245
435.7;199
435.74;223
435.78;225
435.82;175
435.86;290
435.91;293
435.95;317
435.99;188
436.03;281
436.07;233
436.11;242
436.15;254
436.19;172
436.24;234
436.28;296
436.32;235
436.36;181
436.4;326
436.44;249
436.48;314
436.52;199
436.57;236
436.61;223
436.65;290
436.69;251
436.73;231
436.77;242
436.81;303
436.85;281
436.9;213
436.94;187
436.98;299
437.02;281
437.06;240
437.1;238
437.14;239
437.18;221
437.23;236
437.27;300
437.31;245
437.35;225
437.39;252
437.43;286
437.47;218
437.51;282
437.56;210
437.6;176
437.64;267
437.68;231
437.72;247
437.76;221
437.8;268
437.84;231
437.89;217
437.93;167
437.97;224
438.01;258
438.05;213
438.09;342
438.13;245
438.17;272
438.22;291
438.26;246
438.3;295
438.34;272
438.38;236
438.42;157
438.46;259
438.5;229
438.55;218
438.59;266
438.63;260
438.67;285
438.71;248
438.75;275
438.79;255
438.83;212
438.87;184
438.92;208
438.96;269
43;293
439.04;244
439.08;274
439.12;214
439.16;236
439.2;200
439.25;284
439.29;233
439.33;269
439.37;236
439.41;206
439.45;200
439.49;238
439.53;242
439.58;276
439.62;289
439.66;204
439.7;237
439.74;267
439.78;228
439.82;212
439.86;246
439.9;258
439.95;215
439.99;240
440.03;200
440.07;287
440.11;289
440.15;305
440.19;278
440.23;286
440.28;283
440.32;292
440.36;210
440.4;201
440.44;187
440.48;247
440.52;268
440.56;281
440.6;254
440.65;189
440.69;187
440.73;266
440.77;258
440.81;225
440.85;328
440.89;225
440.93;217
440.98;279
441.02;254
441.06;294
441.1;250
441.14;288
441.18;241
441.22;221
441.26;215
441.3;213
441.35;188
441.39;258
441.43;226
441.47;281
